{
  "metadata": {
    "name": "Hentai Cube",
    "author": "Nhocconsr",
    "version": 10,
    "source": "https://hentaicube.xyz",
    "regexp": "(www.)?hentaicube.xyz/manga/.*",
    "description": "V10 : Fix lỗi load chương",
    "locale": "vi_VN",
    "language": "javascript",
    "type": "comic",
    "tag": "nsfw"
  },
  "script": {
    "home": "home.js",
    "genre": "genre.js",
    "detail": "detail.js",
    "search": "search.js",
    "toc": "toc.js",
    "chap": "chap.js"
  }
}