{
  "metadata": {
    "name": "Bảo Tàng Truyện",
    "author": "fusornat",
    "version": 6,
    "source": "https://baotangtruyen13.com",
    "regexp": "https://baotangtruyen13.com/truyen-tranh/[0-9a-z-]+/?$",
    "description": "Web Đọc Truyện Tranh Online lớn nhất VN ✔",
    "locale": "vi-VN",
    "language": "javascript",
    "type": "comic"
  },
  "script": {
    "home": "home.js",
    "genre": "genre.js",
    "detail": "detail.js",
    "search": "search.js",
    "toc": "toc.js",
    "chap": "chap.js"
  }
}