{
  "metadata": {
    "name": "【VIP】Bạch Ngọc Sách",
    "author": "Nhocconsr",
    "version": 18,
    "source": "https://bachngocsach.net.vn",
    "regexp": "(www.)?bachngocsach.(info|pro|net.vn)/truyen/[0-9a-z-]+/?",
    "description": "Thêm mã như sau vào <br> let CONFIG_TOKEN = 'Nhocconsr'<br>Xong đăng nhập tài khoản vào trình duyệt VBook",
    "locale": "vi-VN",
    "language": "javascript",
    "type": "novel"
  },
  "script": {
    "home": "home.js",
    "genre": "genre.js",
    "detail": "detail.js",
    "search": "search.js",
    "page": "page.js",
    "toc": "toc.js",
    "chap": "chap.js"
  }
}