{
  "metadata": {
    "name": "Reaper Scan [EN]",
    "author": "Nhocconsr",
    "version": 1,
    "source": "https://reaper-scans.com",
    "regexp": "(www.)?reaper-scans.com/manga/[0-9a-z-]+/?$",
    "description": "Có thể dùng buble translator để đọc tạm ^^!",
    "locale": "en_EN",
    "language": "javascript",
    "type": "comic"
  },
  "script": {
    "home": "home.js",
    "genre": "genre.js",
    "detail": "detail.js",
    "search": "search.js",
    "toc": "toc.js",
    "chap": "chap.js"
  }
}