{
  "metadata": {
    "name": "VIP Truyện Full",
    "author": "Nhocconsr",
    "version": 3,
    "source": "https://viptruyenfull.com",
    "regexp": "(www.)?viptruyenfull.com/[0-9a-z-]+/?$",
    "description": "Để đọc cần đăng nhập nhé! <br> V3 : Fix lỗi load chương với tiêu đề có sô",
    "locale": "vi-VN",
    "language": "javascript",
    "type": "novel"
  },
  "script": {
    "home": "home.js",
    "genre": "genre.js",
    "detail": "detail.js",
    "search": "search.js",
    "toc": "toc.js",
    "chap": "chap.js"
  }
}